Function,Category,Subcategory,Control/Activity,Artifacts,Owner,Frequency
Identify,Asset Management,ID.AM-1,Maintain asset inventory,CMDB export; discovery reports,IT Ops,Monthly
Protect,Access Control,PR.AC-1,Identity provisioning JML,JML logs; approvals,Service Desk,Daily
Detect,Anomalies & Events,DE.AE-2,Correlate security events,SIEM rules; alert runbooks,SecOps,Continuous
Respond,Response Planning,RS.RP-1,Maintain IR plan,IR plan; tabletop records,Security Lead,Annual
Recover,Improvements,RC.IM-1,Post-incident improvements,PIR reports; action tracker,Security Lead,Per incident
