Domain,Control,Test Step,Sample Evidence
Access Management,MFA enforced for admins,Review IdP policy; sample accounts,Screenshots; policy export
Patch Management,Monthly cadence followed,Change tickets; patch reports,Change records; SCCM reports
Logging,Centralized SIEM with retention,Review config; retention policy,SIEM screenshots; policy
Incident Response,IR plan & exercises,Review plan; tabletop results,Plan doc; exercise report
Vendor Risk,Due diligence for critical vendors,Review assessments; contracts,Questionnaires; SOC2
